strain	designation	gisaid_epi_isl	passage	center	date	month	type	location	index	clade	proposedSubclade	subclade	short-clade	glycosylation	qc.overallScore	qc.overallStatus	totalSubstitutions	totalDeletions	totalInsertions	totalFrameShifts	totalMissing	totalNonACGTNs	totalAminoacidSubstitutions	totalAminoacidDeletions	totalAminoacidInsertions	totalUnknownAa	alignmentScore	alignmentStart	alignmentEnd	coverage	isReverseComplement	substitutions	deletions	insertions	frameShifts	aaSubstitutions	aaDeletions	aaInsertions	privateNucMutations.reversionSubstitutions	privateNucMutations.labeledSubstitutions	privateNucMutations.unlabeledSubstitutions	privateNucMutations.totalReversionSubstitutions	privateNucMutations.totalLabeledSubstitutions	privateNucMutations.totalUnlabeledSubstitutions	privateNucMutations.totalPrivateSubstitutions	missing	founderMuts['clade'].nodeName	founderMuts['clade'].substitutions	founderMuts['clade'].deletions	founderMuts['clade'].aaSubstitutions	founderMuts['clade'].aaDeletions	founderMuts['short-clade'].nodeName	founderMuts['short-clade'].substitutions	founderMuts['short-clade'].deletions	founderMuts['short-clade'].aaSubstitutions	founderMuts['short-clade'].aaDeletions	founderMuts['subclade'].nodeName	founderMuts['subclade'].substitutions	founderMuts['subclade'].deletions	founderMuts['subclade'].aaSubstitutions	founderMuts['subclade'].aaDeletions	founderMuts['proposedSubclade'].nodeName	founderMuts['proposedSubclade'].substitutions	founderMuts['proposedSubclade'].deletions	founderMuts['proposedSubclade'].aaSubstitutions	founderMuts['proposedSubclade'].aaDeletions	unknownAaRanges	nonACGTNs	qc.missingData.missingDataThreshold	qc.missingData.score	qc.missingData.status	qc.missingData.totalMissing	qc.mixedSites.mixedSitesThreshold	qc.mixedSites.score	qc.mixedSites.status	qc.mixedSites.totalMixedSites	qc.privateMutations.cutoff	qc.privateMutations.excess	qc.privateMutations.score	qc.privateMutations.status	qc.privateMutations.total	qc.snpClusters.clusteredSNPs	qc.snpClusters.score	qc.snpClusters.status	qc.snpClusters.totalSNPs	qc.frameShifts.frameShifts	qc.frameShifts.totalFrameShifts	qc.frameShifts.frameShiftsIgnored	qc.frameShifts.totalFrameShiftsIgnored	qc.frameShifts.score	qc.frameShifts.status	qc.stopCodons.stopCodons	qc.stopCodons.totalStopCodons	qc.stopCodons.score	qc.stopCodons.status	totalPcrPrimerChanges	pcrPrimerChanges	failedCdses	warnings	errors
A/Sydney/5/2021e_F	A/Sydney/5/2021	EPI_ISL_12109635	E3	Clinical Virology Unit, CDIM	16/10/2021	Vaccine	Vaccine	NA	14	6B.1A.5a.2a	C.1	C.1	5a.2a	HA1:10:NNS;HA1:23:NVT;HA1:87:NGT;HA1:162:NQT;HA1:276:NTT;HA1:287:NTS;HA2:154:NGT	0	good	17	0	0	0	0	0	9	0	0	0	5188	1	1752	1	false	G170A,C185T,A231C,A335G,G351A,G627A,C636G,A717G,A739G,A742C,G847A,A968G,A994G,T1199C,T1217C,C1601T,G1616A				HA1:K54Q,HA1:D94N,HA1:A186T,HA1:Q189E,HA1:T216A,HA1:Q223R,HA1:E224A,HA1:R259K,HA1:K308R			T7C			1	0	0	1		NODE_0000790-1.00	C185T,A335G,G351A,A717G,A739G,T1217C		HA1:D94N,HA1:T216A,HA1:Q223R		NODE_0000790-1.00	C185T,A335G,G351A,A717G,A739G,T1217C		HA1:D94N,HA1:T216A,HA1:Q223R		NODE_0000790-1.00	C185T,A335G,G351A,A717G,A739G,T1217C		HA1:D94N,HA1:T216A,HA1:Q223R		NODE_0000790-1.00	C185T,A335G,G351A,A717G,A739G,T1217C		HA1:D94N,HA1:T216A,HA1:Q223R								4	0	good	0	15	-4	0	good	1						0		0	0	good		0	0	good	0				
A/Victoria/4897/2022e_F	A/Victoria/4897/2022	EPI_ISL_17830834	E3	Royal Melbourne Hospital	2/10/2022	Vaccine	Vaccine	NA	15	6B.1A.5a.2a.1	D	D	5a.2a.1	HA1:10:NNS;HA1:23:NVT;HA1:87:NGT;HA1:162:NQT;HA1:276:NAT;HA1:287:NTS;HA2:154:NGT	0	good	29	0	0	0	0	0	15	0	0	0	5140	1	1752	1	false	G170A,A231C,C255T,C480T,A496G,A542G,T620C,G627A,C636G,A717G,A739G,A742C,A827G,G847A,T851A,A900G,G950A,A968G,A994G,G1139T,G1145A,T1199C,A1323G,T1347C,C1364T,A1422C,C1601T,G1616A,G1728A				HA1:K54Q,HA1:P137S,HA1:K142R,HA1:A186T,HA1:Q189E,HA1:T216A,HA1:Q223R,HA1:E224A,HA1:R259K,HA1:D260E,HA1:T277A,HA1:K308R,HA2:E29D,HA2:I91V,HA2:N124H					A739G	0	0	1	1		NODE_00000130.00	C255T,A717G,A739G,G1728A		HA1:T216A,HA1:Q223R		NODE_00000130.00	C255T,A717G,A739G,G1728A		HA1:T216A,HA1:Q223R		NODE_00000740.00	A739G		HA1:Q223R		NODE_00000740.00	A739G		HA1:Q223R								4	0	good	0	15	-4	0	good	1						0		0	0	good		0	0	good	0				
A/Wisconsin/67/2022	A/Wisconsin/67/2022	EPI_ISL_15928563	S1	Centers for Disease Control and Prevention	25/10/2022	Vaccine	Vaccine	NA	16	6B.1A.5a.2a.1	C.1.1	C.1.1	5a.2a.1	HA1:10:NNS;HA1:23:NVT;HA1:87:NGT;HA1:162:NQT;HA1:276:NAT;HA1:287:NTS;HA2:154:NGT	0	good	31	0	0	0	0	0	13	0	0	0	5132	1	1752	1	false	G170A,A231C,C480T,A496G,A497G,A542G,C554T,T620C,G627A,C636G,A742C,A827G,G847A,T851A,A900G,G950A,A968G,A994G,C1076A,G1139T,G1145A,T1199C,A1323G,T1347C,G1349A,C1364T,A1422C,C1424T,C1601T,G1616A,T1688C				HA1:K54Q,HA1:P137S,HA1:K142R,HA1:A186T,HA1:Q189E,HA1:E224A,HA1:R259K,HA1:D260E,HA1:T277A,HA1:K308R,HA2:E29D,HA2:I91V,HA2:N124H						0	0	0	0		NODE_00000130.00	A497G,C554T,C1076A,G1349A,C1424T,T1688C				NODE_00000130.00	A497G,C554T,C1076A,G1349A,C1424T,T1688C				NODE_00000130.00	A497G,C554T,C1076A,G1349A,C1424T,T1688C				NODE_00000130.00	A497G,C554T,C1076A,G1349A,C1424T,T1688C										4	0	good	0	15	-5	0	good	0						0		0	0	good		0	0	good	0				
A/India/Pun-NIV319324/2021	A/India/Pun-NIV319324/2021	EPI_ISL_3378776	MDCK2	ICMR-National Institute of Virology	4/6/2021	Reference	Reference	NA	17	6B.1A.5a.2a	C.1	C.1	5a.2a	HA1:10:NNS;HA1:23:NVT;HA1:87:NGT;HA1:162:NQT;HA1:276:NTT;HA1:287:NTS;HA2:154:NGT	0	good	13	0	0	0	0	0	7	0	0	0	5099	1	1717	0.9800228310502284	false	G170A,A231C,T620C,G627A,C636G,A742C,G847A,A968G,A994G,A1180G,T1199C,C1601T,G1616A				HA1:K54Q,HA1:A186T,HA1:Q189E,HA1:E224A,HA1:R259K,HA1:K308R,HA2:N43S						0	0	0	0		NODE_0000790-1.00	T620C,A1180G		HA2:N43S		NODE_0000790-1.00	T620C,A1180G		HA2:N43S		NODE_0000790-1.00	T620C,A1180G		HA2:N43S		NODE_0000790-1.00	T620C,A1180G		HA2:N43S								4	0	good	0	15	-5	0	good	0						0		0	0	good		0	0	good	0				
A/Sydney/1/2024_F	A/Sydney/1/2024	EPI_ISL_19030767	MDCK2	Childrens Hospital Westmead	3/1/2024	Reference	Reference	NA	18	6B.1A.5a.2a.1	C.1.1	C.1.1	5a.2a.1	HA1:10:NNS;HA1:23:NVT;HA1:87:NGT;HA1:162:NQT;HA1:276:NAT;HA1:287:NTS;HA2:154:NGT	0	good	39	0	0	0	0	0	14	0	0	0	4947	21	1721	0.9708904109589042	false	C161A,G170A,A173G,G227A,A231C,C248A,C254A,G386A,A426G,C480T,A496G,A497G,A542G,T620C,G627A,C636G,A742C,A827G,G847A,T851A,A900G,T908C,C917A,G950A,A968G,A994G,G1139T,G1145A,G1169A,T1199C,A1208G,A1323G,T1347C,C1364T,A1422C,C1442T,C1601T,G1616A,G1703A				HA1:K54Q,HA1:K119E,HA1:P137S,HA1:K142R,HA1:A186T,HA1:Q189E,HA1:E224A,HA1:R259K,HA1:D260E,HA1:T277A,HA1:K308R,HA2:E29D,HA2:I91V,HA2:N124H					C254A,A426G	0	0	2	2		NODE_00000130.00	C161A,A173G,G227A,C248A,C254A,G386A,A426G,A497G,T908C,C917A,G1169A,A1208G,C1442T,G1703A		HA1:K119E		NODE_00000130.00	C161A,A173G,G227A,C248A,C254A,G386A,A426G,A497G,T908C,C917A,G1169A,A1208G,C1442T,G1703A		HA1:K119E		NODE_00000130.00	C161A,A173G,G227A,C248A,C254A,G386A,A426G,A497G,T908C,C917A,G1169A,A1208G,C1442T,G1703A		HA1:K119E		NODE_00000130.00	C161A,A173G,G227A,C248A,C254A,G386A,A426G,A497G,T908C,C917A,G1169A,A1208G,C1442T,G1703A		HA1:K119E								4	0	good	0	15	-3	0	good	2						0		0	0	good		0	0	good	0				
A/Wisconsin/588/2019	A/Wisconsin/588/2019	EPI_ISL_404460	C1	Centers for Disease Control and Prevention	19/12/2019	Vaccine	Vaccine	NA	19	6B.1A.5a.2	C	C	5a.2	HA1:10:NNS;HA1:23:NVT;HA1:87:NGT;HA1:162:NQT;HA1:276:NTT;HA1:287:NTS;HA2:154:NGT	0	good	0	0	0	0	0	0	0	0	0	0	5256	1	1752	1	false											0	0	0	0		NODE_00010090.00	T1082C				NODE_00010090.00	T1082C				NODE_00010090.00	T1082C				NODE_00010090.00	T1082C										4	0	good	0	15	-5	0	good	0						0		0	0	good		0	0	good	0				
A/Wisconsin/47/2022	A/Wisconsin/47/2022	EPI_ISL_16968015	S2	Centers for Disease Control and Prevention	30/8/2022	Reference	Reference	NA	20	6B.1A.5a.2a.1	D	D	5a.2a.1	HA1:10:NNS;HA1:23:NVT;HA1:87:NGT;HA1:162:NQT;HA1:276:NAT;HA1:287:NTS;HA2:154:NGT	0	good	29	0	0	0	0	0	15	0	0	0	5140	1	1752	1	false	G170A,A231C,C255T,C480T,A496G,A542G,T620C,G627A,C636G,A717G,A742C,A827G,G847A,T851A,G891A,A900G,G950A,A968G,A994G,G1139T,G1145A,T1199C,A1323G,T1347C,C1364T,A1422C,C1601T,G1616A,G1728A				HA1:K54Q,HA1:P137S,HA1:K142R,HA1:A186T,HA1:Q189E,HA1:T216A,HA1:E224A,HA1:R259K,HA1:D260E,HA1:D274N,HA1:T277A,HA1:K308R,HA2:E29D,HA2:I91V,HA2:N124H						0	0	0	0		NODE_00000130.00	C255T,A717G,G891A,G1728A		HA1:T216A,HA1:D274N		NODE_00000130.00	C255T,A717G,G891A,G1728A		HA1:T216A,HA1:D274N		NODE_00000740.00	G891A		HA1:D274N		NODE_00000740.00	G891A		HA1:D274N								4	0	good	0	15	-5	0	good	0						0		0	0	good		0	0	good	0				
A/Darwin/328/2024_F	A/Darwin/328/2024	EPI_ISL_19194701	SIAT1	Royal Darwin Hospital	19/4/2024	NA	Ferret Serology	NA	21	6B.1A.5a.2a	C.1.8	C.1.8	5a.2a	HA1:10:NNS;HA1:23:NVT;HA1:87:NGT;HA1:162:NQT;HA1:276:NTT;HA1:287:NTS;HA2:154:NGT	0	good	26	0	0	0	0	0	12	0	0	0	4999	21	1721	0.9708904109589042	false	T37C,T54C,G170A,A191G,G210A,A231C,G338T,T358C,A429G,T620C,G627A,C636G,A742C,G847A,A968G,A992G,A994G,A1001T,T1023C,T1199C,A1323G,T1347C,C1442A,C1601T,G1616A,A1646G				HA1:V47I,HA1:K54Q,HA1:I96T,HA1:T120A,HA1:A186T,HA1:Q189E,HA1:E224A,HA1:R259K,HA1:K308R,HA2:I91V,SigPep:V6A,SigPep:F12L					T37C,A1001T	0	0	2	2		NODE_0000790-1.00	T37C,T54C,A191G,G210A,G338T,T358C,A429G,T620C,A992G,A1001T,T1023C,A1323G,T1347C,C1442A,A1646G		HA1:V47I,HA1:I96T,HA1:T120A,HA2:I91V,SigPep:V6A,SigPep:F12L		NODE_0000790-1.00	T37C,T54C,A191G,G210A,G338T,T358C,A429G,T620C,A992G,A1001T,T1023C,A1323G,T1347C,C1442A,A1646G		HA1:V47I,HA1:I96T,HA1:T120A,HA2:I91V,SigPep:V6A,SigPep:F12L		NODE_0000432-1.00	T37C,T358C,A1001T		HA1:I96T,SigPep:V6A		NODE_0000432-1.00	T37C,T358C,A1001T		HA1:I96T,SigPep:V6A								4	0	good	0	15	-3	0	good	2						0		0	0	good		0	0	good	0				
A/Darwin/463/2023_F	A/Darwin/463/2023	EPI_ISL_18543903	MDCK1	Royal Darwin Hospital	2/11/2023	NA	Ferret Serology	NA	22	6B.1A.5a.2a	C.1.7.1	C.1.7.1	5a.2a	HA1:10:NNS;HA1:23:NVT;HA1:87:NGT;HA1:162:NQT;HA1:276:NTT;HA1:287:NTS;HA2:154:NGT	0.444444	good	35	0	0	0	0	0	13	0	0	0	4963	21	1721	0.9708904109589042	false	T83C,G170A,G179A,A231C,C239T,A268T,G351A,A407G,A496G,G525A,T614C,T623C,T626C,G627A,C636G,A713T,A717G,A742C,G847A,T866C,C882T,T905G,A968G,A992G,A994G,A1022G,T1049C,T1190C,T1199C,T1217C,T1220C,G1583A,C1601T,G1616A,A1668G				HA1:K54Q,HA1:E66V,HA1:D94N,HA1:K142R,HA1:V152I,HA1:A186T,HA1:Q189E,HA1:T216A,HA1:E224A,HA1:R259K,HA1:P271S,HA1:K308R,HA2:I206V					A268T,A407G,T623C,T626C,C882T,A1022G	0	0	6	6		NODE_0000790-1.00	T83C,G179A,C239T,A268T,G351A,A407G,A496G,G525A,T614C,T623C,T626C,A713T,A717G,T866C,C882T,T905G,A992G,A1022G,T1049C,T1190C,T1217C,T1220C,G1583A,A1668G		HA1:E66V,HA1:D94N,HA1:K142R,HA1:V152I,HA1:T216A,HA1:P271S,HA2:I206V		NODE_0000790-1.00	T83C,G179A,C239T,A268T,G351A,A407G,A496G,G525A,T614C,T623C,T626C,A713T,A717G,T866C,C882T,T905G,A992G,A1022G,T1049C,T1190C,T1217C,T1220C,G1583A,A1668G		HA1:E66V,HA1:D94N,HA1:K142R,HA1:V152I,HA1:T216A,HA1:P271S,HA2:I206V		NODE_0000878-1.00	T83C,A268T,A407G,A496G,T623C,T626C,C882T,A1022G		HA1:E66V,HA1:K142R,HA1:P271S		NODE_0000878-1.00	T83C,A268T,A407G,A496G,T623C,T626C,C882T,A1022G		HA1:E66V,HA1:K142R,HA1:P271S								4	0	good	0	15	1	6.666667	good	6						0		0	0	good		0	0	good	0				
A/Darwin/7/2023_F	A/Darwin/7/2023	EPI_ISL_16899269	SIAT1	Royal Darwin Hospital	27/1/2023	NA	Ferret Serology	NA	23	6B.1A.5a.2a	C.1.6	C.1.6	5a.2a	HA1:10:NNS;HA1:23:NVT;HA1:87:NGT;HA1:162:NQT;HA1:276:NTT;HA1:287:NTS;HA2:154:NGT	0	good	23	0	0	0	0	0	10	0	0	0	5011	21	1721	0.9708904109589042	false	A38T,G170A,A231C,C279A,G338T,A536G,A577G,T620C,G627A,T629C,C636G,A702C,A742C,G847A,A968G,A994G,T1199C,T1253A,A1323G,T1347C,A1430G,C1601T,G1616A				HA1:K54Q,HA1:L70I,HA1:K169R,HA1:A186T,HA1:Q189E,HA1:K211Q,HA1:E224A,HA1:R259K,HA1:K308R,HA2:I91V						0	0	0	0		NODE_0000790-1.00	A38T,C279A,G338T,A536G,A577G,T620C,T629C,A702C,T1253A,A1323G,T1347C,A1430G		HA1:L70I,HA1:K169R,HA1:K211Q,HA2:I91V		NODE_0000790-1.00	A38T,C279A,G338T,A536G,A577G,T620C,T629C,A702C,T1253A,A1323G,T1347C,A1430G		HA1:L70I,HA1:K169R,HA1:K211Q,HA2:I91V		NODE_00002360.00					NODE_00002360.00											4	0	good	0	15	-5	0	good	0						0		0	0	good		0	0	good	0				
A/Sydney/5/2021_F	A/Sydney/5/2021	EPI_ISL_16899233 	MDCK3	Clinical Virology Unit, CDIM	15/10/2021	NA	Ferret Serology	NA	24	6B.1A.5a.2a	C.1	C.1	5a.2a	HA1:10:NNS;HA1:23:NVT;HA1:87:NGT;HA1:162:NQT;HA1:276:NTT;HA1:287:NTS;HA2:154:NGT	0	good	14	0	0	0	0	0	8	0	0	0	5047	21	1721	0.9708904109589042	false	G170A,A231C,G351A,G627A,C636G,A717G,A742C,G847A,A968G,A994G,T1199C,T1217C,C1601T,G1616A				HA1:K54Q,HA1:D94N,HA1:A186T,HA1:Q189E,HA1:T216A,HA1:E224A,HA1:R259K,HA1:K308R						0	0	0	0		NODE_0000790-1.00	G351A,A717G,T1217C		HA1:D94N,HA1:T216A		NODE_0000790-1.00	G351A,A717G,T1217C		HA1:D94N,HA1:T216A		NODE_0000790-1.00	G351A,A717G,T1217C		HA1:D94N,HA1:T216A		NODE_0000790-1.00	G351A,A717G,T1217C		HA1:D94N,HA1:T216A								4	0	good	0	15	-5	0	good	0						0		0	0	good		0	0	good	0				
A/Sydney/604/2023_F	A/Sydney/604/2023	EPI_ISL_18139246	MDCK1	Childrens Hospital Westmead	3/7/2023	NA	Ferret Serology	NA	25	6B.1A.5a.2a	C.1	C.1	5a.2a	HA1:10:NNS;HA1:23:NVT;HA1:87:NGT;HA1:162:NQT;HA1:276:NTT;HA1:287:NTS;HA2:154:NGT	0.444444	good	24	0	0	0	0	0	8	0	0	0	5007	21	1721	0.9708904109589042	false	G170A,A231C,A335G,G338T,T620C,G627A,C636G,G735A,A742C,G847A,A968G,A992G,A994G,T1023C,A1052G,C1164T,T1199C,A1323G,T1347C,G1400A,C1601T,G1616A,A1646G,C1647T				HA1:K54Q,HA1:A186T,HA1:Q189E,HA1:D222N,HA1:E224A,HA1:R259K,HA1:K308R,HA2:I91V					A335G,G735A,A1052G,C1164T,G1400A,C1647T	0	0	6	6		NODE_0000790-1.00	A335G,G338T,T620C,G735A,A992G,T1023C,A1052G,C1164T,A1323G,T1347C,G1400A,A1646G,C1647T		HA1:D222N,HA2:I91V		NODE_0000790-1.00	A335G,G338T,T620C,G735A,A992G,T1023C,A1052G,C1164T,A1323G,T1347C,G1400A,A1646G,C1647T		HA1:D222N,HA2:I91V		NODE_0000790-1.00	A335G,G338T,T620C,G735A,A992G,T1023C,A1052G,C1164T,A1323G,T1347C,G1400A,A1646G,C1647T		HA1:D222N,HA2:I91V		NODE_0000790-1.00	A335G,G338T,T620C,G735A,A992G,T1023C,A1052G,C1164T,A1323G,T1347C,G1400A,A1646G,C1647T		HA1:D222N,HA2:I91V								4	0	good	0	15	1	6.666667	good	6						0		0	0	good		0	0	good	0				
A/Victoria/376/2024_F	A/Victoria/376/2024	EPI_ISL_19194722 	SIAT1	Monash Medical Centre	4/5/2024	NA	Ferret Serology	NA	26	6B.1A.5a.2a	C.1.9	C.1.9	5a.2a	HA1:10:NNS;HA1:23:NVT;HA1:87:NGT;HA1:162:NQT;HA1:276:NTT;HA1:287:NTS;HA2:154:NGT	0	good	25	0	0	0	0	0	9	0	0	0	5003	21	1721	0.9708904109589042	false	G170A,A231C,G311A,G338T,A429G,A539G,T575C,A576C,T620C,G627A,C636G,A742C,G847A,A968G,A992G,A994G,T1023C,T1199C,A1323G,T1347C,C1385T,C1442T,C1601T,G1616A,A1646G				HA1:K54Q,HA1:T120A,HA1:K169Q,HA1:A186T,HA1:Q189E,HA1:E224A,HA1:R259K,HA1:K308R,HA2:I91V					A539G	0	0	1	1		NODE_0000790-1.00	G311A,G338T,A429G,A539G,T575C,A576C,T620C,A992G,T1023C,A1323G,T1347C,C1385T,C1442T,A1646G		HA1:T120A,HA1:K169Q,HA2:I91V		NODE_0000790-1.00	G311A,G338T,A429G,A539G,T575C,A576C,T620C,A992G,T1023C,A1323G,T1347C,C1385T,C1442T,A1646G		HA1:T120A,HA1:K169Q,HA2:I91V		NODE_00004750.00	G311A,A539G,T575C,C1385T				NODE_00004750.00	G311A,A539G,T575C,C1385T										4	0	good	0	15	-4	0	good	1						0		0	0	good		0	0	good	0				
A/Victoria/4897/2022_F_S	A/Victoria/4897/2022	EPI_ISL_16003490 	SIAT1/MDCK1	Royal Melbourne Hospital	2/10/2022	NA	Human Serology	NA	27	6B.1A.5a.2a.1	D	D	5a.2a.1	HA1:10:NNS;HA1:23:NVT;HA1:87:NGT;HA1:162:NQT;HA1:276:NAT;HA1:287:NTS;HA2:154:NGT	0	good	27	0	0	0	0	0	14	0	0	0	4995	21	1721	0.9708904109589042	false	G170A,A231C,C255T,C480T,A496G,A542G,T620C,G627A,C636G,A717G,A742C,A827G,G847A,T851A,A900G,G950A,A968G,A994G,G1139T,G1145A,T1199C,A1323G,T1347C,C1364T,A1422C,C1601T,G1616A				HA1:K54Q,HA1:P137S,HA1:K142R,HA1:A186T,HA1:Q189E,HA1:T216A,HA1:E224A,HA1:R259K,HA1:D260E,HA1:T277A,HA1:K308R,HA2:E29D,HA2:I91V,HA2:N124H						0	0	0	0		NODE_00000130.00	C255T,A717G		HA1:T216A		NODE_00000130.00	C255T,A717G		HA1:T216A		NODE_00000740.00					NODE_00000740.00											4	0	good	0	15	-5	0	good	0						0		0	0	good		0	0	good	0				
A/Victoria/650/2023_F	A/Victoria/650/2023	EPI_ISL_17811508	SIAT1	WHO Collaborating Centre for Reference and Research on Influenza	2/2/2023	NA	Ferret Serology	NA	28	6B.1A.5a.2a	C.1	C.1	5a.2a	HA1:10:NNS;HA1:23:NVT;HA1:87:NGT;HA1:162:NQT;HA1:276:NTT;HA1:287:NTS;HA2:154:NGT	0	good	27	0	0	0	0	0	14	0	0	0	4995	21	1721	0.9708904109589042	false	A67G,G170A,T230A,A231C,A496G,T620C,G627A,C636G,G650A,A742C,G847A,T851A,T878C,C880T,G950A,A968G,A994G,G1032A,T1199C,T1314C,A1323G,A1343G,T1347C,A1422C,C1463T,C1601T,G1616A				HA1:K54Q,HA1:K142R,HA1:A186T,HA1:Q189E,HA1:E224A,HA1:R259K,HA1:D260E,HA1:T270I,HA1:K308R,HA1:V321I,HA2:F88L,HA2:I91V,HA2:N124H,SigPep:N16S					A67G,G650A,T1314C	0	0	3	3		NODE_0000790-1.00	A67G,T230A,A496G,T620C,G650A,T851A,T878C,C880T,G950A,G1032A,T1314C,A1323G,A1343G,T1347C,A1422C,C1463T		HA1:K142R,HA1:D260E,HA1:T270I,HA1:V321I,HA2:F88L,HA2:I91V,HA2:N124H,SigPep:N16S		NODE_0000790-1.00	A67G,T230A,A496G,T620C,G650A,T851A,T878C,C880T,G950A,G1032A,T1314C,A1323G,A1343G,T1347C,A1422C,C1463T		HA1:K142R,HA1:D260E,HA1:T270I,HA1:V321I,HA2:F88L,HA2:I91V,HA2:N124H,SigPep:N16S		NODE_0000790-1.00	A67G,T230A,A496G,T620C,G650A,T851A,T878C,C880T,G950A,G1032A,T1314C,A1323G,A1343G,T1347C,A1422C,C1463T		HA1:K142R,HA1:D260E,HA1:T270I,HA1:V321I,HA2:F88L,HA2:I91V,HA2:N124H,SigPep:N16S		NODE_0000790-1.00	A67G,T230A,A496G,T620C,G650A,T851A,T878C,C880T,G950A,G1032A,T1314C,A1323G,A1343G,T1347C,A1422C,C1463T		HA1:K142R,HA1:D260E,HA1:T270I,HA1:V321I,HA2:F88L,HA2:I91V,HA2:N124H,SigPep:N16S								4	0	good	0	15	-2	0	good	3						0		0	0	good		0	0	good	0				
A/Victoria/3370/2024_S	A/Victoria/3370/2024	EPI_ISL_19574660	SIAT1		4/11/2024	NA	Human Serology	NA	29	6B.1A.5a.2a	C.1.9.2	C.1.9.2	5a.2a	HA1:10:NNS;HA1:23:NVT;HA1:87:NGT;HA1:162:NQT;HA1:276:NTT;HA1:287:NTS;HA2:154:NGT	28.444444	good	36	0	0	0	0	0	14	0	0	0	4959	21	1721	0.9708904109589042	false	C161T,G170A,A183G,A231C,A233G,C329T,G338T,A429G,C480T,A576C,T614C,T620C,G627A,C636G,G685A,A742C,A770G,G847A,T860A,A879G,A956G,A968G,A992G,A994G,T1023C,T1199C,T1214C,C1316T,A1323G,C1442T,A1510G,C1601T,G1616A,C1634T,A1646G,C1673T				HA1:N38D,HA1:K54Q,HA1:T120A,HA1:P137S,HA1:K169Q,HA1:A186T,HA1:Q189E,HA1:R205K,HA1:E224A,HA1:R259K,HA1:T270A,HA1:K308R,HA2:I91V,HA2:K153R			C1347T		C161T,A233G,C480T,T614C,G685A,A770G,T860A,A879G,A956G,T1214C,C1316T,C1634T	1	0	12	13		NODE_0000790-1.00	C161T,A183G,A233G,C329T,G338T,A429G,C480T,A576C,T614C,T620C,G685A,A770G,T860A,A879G,A956G,A992G,T1023C,T1214C,C1316T,A1323G,C1442T,A1510G,C1634T,A1646G,C1673T		HA1:N38D,HA1:T120A,HA1:P137S,HA1:K169Q,HA1:R205K,HA1:T270A,HA2:I91V,HA2:K153R		NODE_0000790-1.00	C161T,A183G,A233G,C329T,G338T,A429G,C480T,A576C,T614C,T620C,G685A,A770G,T860A,A879G,A956G,A992G,T1023C,T1214C,C1316T,A1323G,C1442T,A1510G,C1634T,A1646G,C1673T		HA1:N38D,HA1:T120A,HA1:P137S,HA1:K169Q,HA1:R205K,HA1:T270A,HA2:I91V,HA2:K153R		NODE_0000537-1.00	C161T,A233G,C480T,T614C,G685A,A770G,T860A,A879G,A956G,T1214C,C1316T,C1347T,C1634T		HA1:P137S,HA1:R205K,HA1:T270A		NODE_0000537-1.00	C161T,A233G,C480T,T614C,G685A,A770G,T860A,A879G,A956G,T1214C,C1316T,C1347T,C1634T		HA1:P137S,HA1:R205K,HA1:T270A								4	0	good	0	15	8	53.333333	mediocre	13						0		0	0	good		0	0	good	0				
A/Darwin/1906/2024_S	A/Darwin/1906/2024	EPI_ISL_19676575	SIAT1		8/12/2024	NA	Human Serology	NA	30	6B.1A.5a.2a	C.1.9.3	C.1.9.3	5a.2a	HA1:10:NNS;HA1:23:NVT;HA1:87:NGT;HA1:162:NQT;HA1:276:NTT;HA1:287:NTS;HA2:154:NGT	0	good	34	0	0	0	0	0	11	0	0	0	4967	21	1721	0.9708904109589042	false	T167C,G170A,G209T,A231C,A290G,G311A,T318C,G338T,A429G,A576C,T620C,G627A,C636G,A742C,A815T,G847A,A968G,A992G,A994G,T1023C,A1058G,G1142A,T1199C,A1323G,T1347C,C1385T,C1442T,T1600C,C1601T,T1610C,T1611C,G1616A,A1646G,T1688C				HA1:K54Q,HA1:S83P,HA1:T120A,HA1:K169Q,HA1:A186T,HA1:Q189E,HA1:E224A,HA1:R259K,HA1:K308R,HA2:I91V,HA2:I183T						0	0	0	0		NODE_0000790-1.00	T167C,G209T,A290G,G311A,T318C,G338T,A429G,A576C,T620C,A815T,A992G,T1023C,A1058G,G1142A,A1323G,T1347C,C1385T,C1442T,T1600C,T1610C,T1611C,A1646G,T1688C		HA1:S83P,HA1:T120A,HA1:K169Q,HA2:I91V,HA2:I183T		NODE_0000790-1.00	T167C,G209T,A290G,G311A,T318C,G338T,A429G,A576C,T620C,A815T,A992G,T1023C,A1058G,G1142A,A1323G,T1347C,C1385T,C1442T,T1600C,T1610C,T1611C,A1646G,T1688C		HA1:S83P,HA1:T120A,HA1:K169Q,HA2:I91V,HA2:I183T		NODE_0000616-1.00	T167C,G209T,A290G,A815T,G1142A				NODE_0000616-1.00	T167C,G209T,A290G,A815T,G1142A										4	0	good	0	15	-5	0	good	0						0		0	0	good		0	0	good	0				
A/Victoria/3263/2024_S	A/Victoria/3263/2024	EPI_ISL_19561254	SIAT1		1/10/2024	NA	Human Serology	NA	31	6B.1A.5a.2a	C.1.9.4	C.1.9.4	5a.2a	HA1:10:NNS;HA1:23:NVT;HA1:87:NGT;HA1:162:NQT;HA1:276:NTT;HA1:287:NTS;HA2:154:NGT	0	good	31	0	0	0	0	0	13	0	0	0	4979	21	1721	0.9708904109589042	false	G170A,A183G,G327A,G338T,A429G,A444G,A516G,A576C,T620C,G627A,C636G,A686G,C718T,A742C,G847A,T953C,A968G,A992G,A994G,T1023C,T1199C,A1323G,C1340T,T1347C,C1442T,A1532C,C1589T,C1601T,G1616A,A1646G,C1673T				HA1:N38D,HA1:D86N,HA1:T120A,HA1:N125D,HA1:I149V,HA1:K169Q,HA1:A186T,HA1:Q189E,HA1:T216I,HA1:E224A,HA1:R259K,HA1:K308R,HA2:I91V					C718T	0	0	1	1		NODE_0000790-1.00	A183G,C231A,G327A,G338T,A429G,A444G,A516G,A576C,T620C,A686G,C718T,T953C,A992G,T1023C,A1323G,C1340T,T1347C,C1442T,A1532C,C1589T,A1646G,C1673T		HA1:N38D,HA1:Q54K,HA1:D86N,HA1:T120A,HA1:N125D,HA1:I149V,HA1:K169Q,HA1:T216I,HA2:I91V		NODE_0000790-1.00	A183G,C231A,G327A,G338T,A429G,A444G,A516G,A576C,T620C,A686G,C718T,T953C,A992G,T1023C,A1323G,C1340T,T1347C,C1442T,A1532C,C1589T,A1646G,C1673T		HA1:N38D,HA1:Q54K,HA1:D86N,HA1:T120A,HA1:N125D,HA1:I149V,HA1:K169Q,HA1:T216I,HA2:I91V		NODE_00005050.00	C718T,C1340T,A1532C,C1589T		HA1:T216I		NODE_00005050.00	C718T,C1340T,A1532C,C1589T		HA1:T216I								4	0	good	0	15	-4	0	good	1						0		0	0	good		0	0	good	0				
othA/California/LACPHL-INF00606/2024	A/California/LACPHL-INF00606/2024	EPI_ISL_19556805	Original		17/10/2024	NA	NA	NA	32	6B.1A.5a.2a.1	D	D	5a.2a.1	HA1:10:NNS;HA1:23:NVT;HA1:87:NGT;HA1:162:NQT;HA1:276:NAT;HA1:287:NTS;HA2:154:NGT	0	good	35	0	0	0	0	0	15	0	0	0	4963	21	1721	0.9708904109589042	false	G44A,G170A,A231C,C255T,C344T,A467G,C480T,A496G,G525A,A542G,T620C,G627A,C636G,A717G,A742C,A827G,G847A,T851A,A900G,G950A,A968G,G1139T,G1145A,T1199C,G1286A,A1323G,T1347C,C1364T,C1385T,A1422C,T1520C,T1554C,C1601T,G1616A,T1688C				HA1:K54Q,HA1:P137S,HA1:K142R,HA1:V152I,HA1:A186T,HA1:Q189E,HA1:T216A,HA1:E224A,HA1:R259K,HA1:D260E,HA1:T277A,HA2:E29D,HA2:I91V,HA2:N124H,SigPep:M8I						0	0	0	0		NODE_00000130.00	G44A,C255T,C344T,A467G,G525A,A717G,G994A,G1286A,C1385T,T1520C,T1554C,T1688C		HA1:V152I,HA1:T216A,HA1:R308K,SigPep:M8I		NODE_00000130.00	G44A,C255T,C344T,A467G,G525A,A717G,G994A,G1286A,C1385T,T1520C,T1554C,T1688C		HA1:V152I,HA1:T216A,HA1:R308K,SigPep:M8I		NODE_00000740.00	G44A,C344T,A467G,G525A,G994A,G1286A,C1385T,T1520C,T1554C,T1688C		HA1:V152I,HA1:R308K,SigPep:M8I		NODE_00000740.00	G44A,C344T,A467G,G525A,G994A,G1286A,C1385T,T1520C,T1554C,T1688C		HA1:V152I,HA1:R308K,SigPep:M8I								4	0	good	0	15	-5	0	good	0						0		0	0	good		0	0	good	0				
othA/Scotland/003_203/2024	A/Scotland/003_203/2024	EPI_ISL_19544386		West of Scotland Specialist Virology Centre	3/11/2024	NA	NA	NA	33	6B.1A.5a.2a	C.1.9.3	C.1.9.3	5a.2a	HA1:10:NNS;HA1:23:NVT;HA1:87:NGT;HA1:162:NQT;HA1:276:NTT;HA1:287:NTS;HA2:154:NGT	0	good	38	0	0	0	0	0	14	0	0	0	5104	1	1752	1	false	A11C,C64T,G170A,A231C,G311A,T318C,T320C,G338T,A429G,A536G,A567G,A576C,T620C,G627A,C636G,A652C,A742C,G847A,A968G,A992G,A994G,T1023C,A1058G,A1106C,T1199C,A1323G,G1346A,T1347C,C1385T,C1442T,T1600C,C1601T,T1610C,T1611C,G1616A,A1646G,T1688C,C1739A				HA1:K54Q,HA1:S83P,HA1:T120A,HA1:I166V,HA1:K169Q,HA1:A186T,HA1:Q189E,HA1:N194T,HA1:E224A,HA1:R259K,HA1:K308R,HA2:I91V,HA2:I183T,SigPep:A15V					A11C,A536G,A652C	0	0	3	3		NODE_0000790-1.00	A11C,C64T,G311A,T318C,T320C,G338T,A429G,A536G,A567G,A576C,T620C,A652C,A992G,T1023C,A1058G,A1106C,A1323G,G1346A,T1347C,C1385T,C1442T,T1600C,T1610C,T1611C,A1646G,T1688C,C1739A		HA1:S83P,HA1:T120A,HA1:I166V,HA1:K169Q,HA1:N194T,HA2:I91V,HA2:I183T,SigPep:A15V		NODE_0000790-1.00	A11C,C64T,G311A,T318C,T320C,G338T,A429G,A536G,A567G,A576C,T620C,A652C,A992G,T1023C,A1058G,A1106C,A1323G,G1346A,T1347C,C1385T,C1442T,T1600C,T1610C,T1611C,A1646G,T1688C,C1739A		HA1:S83P,HA1:T120A,HA1:I166V,HA1:K169Q,HA1:N194T,HA2:I91V,HA2:I183T,SigPep:A15V		NODE_0000616-1.00	A11C,C64T,T320C,A536G,A567G,A652C,A1106C,G1346A		HA1:I166V,HA1:N194T,SigPep:A15V		NODE_0000616-1.00	A11C,C64T,T320C,A536G,A567G,A652C,A1106C,G1346A		HA1:I166V,HA1:N194T,SigPep:A15V								4	0	good	0	15	-2	0	good	3						0		0	0	good		0	0	good	0				
niidA/Tokyo/EIS10-980/2024	A/Tokyo/EIS10-980/2024	EPI_ISL_19539652	Original	National Institute of Infectious Diseases (NIID)	18/10/2024	NA	NA	NA	34	6B.1A.5a.2a.1	D.5	D.5	5a.2a.1	HA1:10:NNS;HA1:23:NVT;HA1:87:NGT;HA1:162:NQT;HA1:276:NAT;HA1:287:NTS;HA2:154:NGT	0	good	34	0	0	0	0	0	16	0	0	0	4967	21	1721	0.9708904109589042	false	G170A,G205A,A231C,C255T,C344T,G409A,C452T,C480T,A496G,A542G,T620C,G627A,C636G,A717G,A742C,A749G,A827G,G847A,T851A,A900G,G950A,A968G,A994G,G1139T,G1145A,T1199C,A1323G,T1347C,C1364T,C1385T,A1422C,A1550C,C1601T,G1616A				HA1:R45K,HA1:K54Q,HA1:R113K,HA1:P137S,HA1:K142R,HA1:A186T,HA1:Q189E,HA1:T216A,HA1:E224A,HA1:R259K,HA1:D260E,HA1:T277A,HA1:K308R,HA2:E29D,HA2:I91V,HA2:N124H					G409A,A1550C	0	0	2	2		NODE_00000130.00	G205A,C255T,C344T,G409A,C452T,A717G,A749G,C1385T,A1550C		HA1:R45K,HA1:R113K,HA1:T216A		NODE_00000130.00	G205A,C255T,C344T,G409A,C452T,A717G,A749G,C1385T,A1550C		HA1:R45K,HA1:R113K,HA1:T216A		NODE_0000221-1.00	G409A,A1550C		HA1:R113K		NODE_0000221-1.00	G409A,A1550C		HA1:R113K								4	0	good	0	15	-3	0	good	2						0		0	0	good		0	0	good	0				
cdcA/Tennessee/86/2024	A/Tennessee/86/2024	EPI_ISL_19539423	OR_IR	Centers for Disease Control and Prevention	14/10/2024	NA	NA	NA	35	6B.1A.5a.2a.1	D.5	D.5	5a.2a.1	HA1:10:NNS;HA1:23:NVT;HA1:87:NGT;HA1:162:NQT;HA1:276:NAT;HA1:287:NTS;HA2:154:NGT	0	good	38	0	0	0	0	0	17	0	0	0	5104	1	1752	1	false	G36A,G170A,G205A,A231C,C255T,C344T,A350T,C452T,G456A,C480T,A496G,A497G,A542G,T620C,G627A,C636G,A717G,A742C,A749G,A827G,G847A,T851A,A900G,G950A,A968G,A994G,G1139T,G1145A,T1199C,A1323G,T1347C,C1364T,C1385T,A1422C,G1517A,C1601T,G1616A,G1728A				HA1:R45K,HA1:K54Q,HA1:D129N,HA1:P137S,HA1:K142R,HA1:A186T,HA1:Q189E,HA1:T216A,HA1:E224A,HA1:R259K,HA1:D260E,HA1:T277A,HA1:K308R,HA2:E29D,HA2:I91V,HA2:N124H,SigPep:V6I					G456A	0	0	1	1		NODE_00000130.00	G36A,G205A,C255T,C344T,A350T,C452T,G456A,A497G,A717G,A749G,C1385T,G1517A,G1728A		HA1:R45K,HA1:D129N,HA1:T216A,SigPep:V6I		NODE_00000130.00	G36A,G205A,C255T,C344T,A350T,C452T,G456A,A497G,A717G,A749G,C1385T,G1517A,G1728A		HA1:R45K,HA1:D129N,HA1:T216A,SigPep:V6I		NODE_0000221-1.00	G36A,A350T,G456A,A497G,G1517A		HA1:D129N,SigPep:V6I		NODE_0000221-1.00	G36A,A350T,G456A,A497G,G1517A		HA1:D129N,SigPep:V6I								4	0	good	0	15	-4	0	good	1						0		0	0	good		0	0	good	0				
othA/Sling/5435/2024	A/Sling/5435/2024	EPI_ISL_19631647	original (VTM)	Public Health Wales Microbiology Cardiff	2/12/2024	NA	NA	NA	36	6B.1A.5a.2a	C.1.9.4	C.1.9.4	5a.2a	HA1:10:NNS;HA1:23:NVT;HA1:87:NGT;HA1:162:NQT;HA1:276:NTT;HA1:287:NTS;HA2:154:NGT	0	good	32	0	26	0	0	0	13	0	0	0	5128	1	1752	1	false	G170A,A183G,G327A,G338T,A357G,A429G,A444G,A516G,A576C,T620C,G627A,C636G,A686G,C701T,A742C,G847A,T953C,A968G,A992G,A994G,T1023C,T1199C,A1323G,T1347C,A1421G,C1442T,G1445A,C1601T,G1616A,A1646G,C1673T,C1739A		0:GAGCAAAAGCAGG,1752:CCTTGTTTCTACT		HA1:N38D,HA1:D86N,HA1:I96V,HA1:T120A,HA1:N125D,HA1:I149V,HA1:K169Q,HA1:A186T,HA1:Q189E,HA1:E224A,HA1:R259K,HA1:K308R,HA2:I91V					G1445A	0	0	1	1		NODE_0000790-1.00	A183G,C231A,G327A,G338T,A357G,A429G,A444G,A516G,A576C,T620C,A686G,C701T,T953C,A992G,T1023C,A1323G,T1347C,A1421G,C1442T,G1445A,A1646G,C1673T,C1739A		HA1:N38D,HA1:Q54K,HA1:D86N,HA1:I96V,HA1:T120A,HA1:N125D,HA1:I149V,HA1:K169Q,HA2:I91V		NODE_0000790-1.00	A183G,C231A,G327A,G338T,A357G,A429G,A444G,A516G,A576C,T620C,A686G,C701T,T953C,A992G,T1023C,A1323G,T1347C,A1421G,C1442T,G1445A,A1646G,C1673T,C1739A		HA1:N38D,HA1:Q54K,HA1:D86N,HA1:I96V,HA1:T120A,HA1:N125D,HA1:I149V,HA1:K169Q,HA2:I91V		NODE_00005050.00	A357G,C701T,A1421G,G1445A		HA1:I96V		NODE_00005050.00	A357G,C701T,A1421G,G1445A		HA1:I96V								4	0	good	0	15	-4	0	good	1						0		0	0	good		0	0	good	0				
tnicA/Bangkok/P3920/2024	A/Bangkok/P3920/2024	EPI_ISL_19633039	Original	Thai National Influenza Center	19/12/2024	NA	NA	NA	37	6B.1A.5a.2a.1	D.3	D.3	5a.2a.1	HA1:10:NNS;HA1:23:NVT;HA1:87:NGT;HA1:162:NQT;HA1:276:NAT;HA1:287:NTS;HA2:154:NGT	0	good	38	0	0	0	0	0	18	0	0	0	4951	21	1721	0.9708904109589042	false	G170A,A231C,C281A,A293G,A429G,C480T,A496G,A542G,T620C,G627A,C636G,A662G,A717G,A742C,A827G,G847A,T851A,A900G,G950A,A968G,A994G,T1005C,A1010G,A1106C,G1139T,G1145A,A1185G,T1199C,G1286A,A1323G,T1347C,C1364T,A1422C,T1450C,A1556G,C1601T,G1616T,T1630C				HA1:K54Q,HA1:T120A,HA1:P137S,HA1:K142R,HA1:A186T,HA1:Q189E,HA1:T216A,HA1:E224A,HA1:R259K,HA1:D260E,HA1:T277A,HA1:K308R,HA2:E29D,HA2:I45V,HA2:I91V,HA2:N124H,HA2:I133T,HA2:V193A					A1616T	0	0	1	1		NODE_00000130.00	C281A,A293G,A429G,A662G,A717G,T1005C,A1010G,A1106C,A1185G,G1286A,T1450C,A1556G,A1616T,T1630C		HA1:T120A,HA1:T216A,HA2:I45V,HA2:I133T,HA2:V193A		NODE_00000130.00	C281A,A293G,A429G,A662G,A717G,T1005C,A1010G,A1106C,A1185G,G1286A,T1450C,A1556G,A1616T,T1630C		HA1:T120A,HA1:T216A,HA2:I45V,HA2:I133T,HA2:V193A		NODE_0000077-1.00	T255C,C281A,A662G,A1106C,G1286A,T1450C,A1556G,A1616T,T1630C		HA2:I133T,HA2:V193A		NODE_0000077-1.00	T255C,C281A,A662G,A1106C,G1286A,T1450C,A1556G,A1616T,T1630C		HA2:I133T,HA2:V193A								4	0	good	0	15	-4	0	good	1						0		0	0	good		0	0	good	0				
othA/Hong_Kong/2931/2024	A/Hong Kong/2931/2024	EPI_ISL_19636056	MDCK	Hong Kong Department of Health	3/12/2024	NA	NA	NA	38	6B.1A.5a.2a.1	D.1	D.1	5a.2a.1	HA1:10:NNS;HA1:23:NVT;HA1:87:NGT;HA1:162:NQT;HA1:276:NAT;HA1:287:NTS;HA2:154:NGT	11.111111	good	44	0	0	0	0	0	18	0	0	0	4927	21	1721	0.9708904109589042	false	C155T,G170A,G205A,A231C,C255T,G327A,A467G,G470A,C480T,T482C,A496G,T540A,C541T,A542G,T569C,T620C,G627A,C636G,A717G,A742C,T806C,A827G,G847A,T851A,T878C,A900G,G950A,A968G,A994G,C1056A,G1139T,G1145A,T1199C,A1323G,T1347C,C1353T,C1364T,A1422C,G1427A,C1442T,C1584T,C1601T,G1616A,T1688A				HA1:R45K,HA1:K54Q,HA1:D86N,HA1:P137S,HA1:K142R,HA1:S157M,HA1:A186T,HA1:Q189E,HA1:T216A,HA1:E224A,HA1:R259K,HA1:D260E,HA1:T277A,HA1:K308R,HA2:L2I,HA2:E29D,HA2:I91V,HA2:N124H					C155T,G327A,G470A,T482C,T540A,C541T,T569C,T806C,T878C,C1353T	0	0	10	10		NODE_00000130.00	C155T,G205A,C255T,G327A,A467G,G470A,T482C,T540A,C541T,T569C,A717G,T806C,T878C,C1056A,C1353T,G1427A,C1442T,C1584T,T1688A		HA1:R45K,HA1:D86N,HA1:S157M,HA1:T216A,HA2:L2I		NODE_00000130.00	C155T,G205A,C255T,G327A,A467G,G470A,T482C,T540A,C541T,T569C,A717G,T806C,T878C,C1056A,C1353T,G1427A,C1442T,C1584T,T1688A		HA1:R45K,HA1:D86N,HA1:S157M,HA1:T216A,HA2:L2I		NODE_0000144-1.00	C155T,G327A,A467G,G470A,T482C,T540A,C541T,T569C,T806C,T878C,C1056A,C1353T,C1442T,C1584T		HA1:D86N,HA1:S157M,HA2:L2I		NODE_0000144-1.00	C155T,G327A,A467G,G470A,T482C,T540A,C541T,T569C,T806C,T878C,C1056A,C1353T,C1442T,C1584T		HA1:D86N,HA1:S157M,HA2:L2I								4	0	good	0	15	5	33.333333	mediocre	10						0		0	0	good		0	0	good	0				
othA/Vietnam/Binh_Dinh/RV1_240118/2024	A/Vietnam/Binh Dinh/RV1 240118/2024	EPI_ISL_19649710		Pasteur Institute in Nha Trang	9/12/2024	NA	NA	NA	39	6B.1A.5a.2a	C.1.9.1	C.1.9.1	5a.2a	HA1:10:NNS;HA1:23:NVT;HA1:87:NGT;HA1:162:NQT;HA1:276:NTT;HA1:287:NTS;HA2:154:NGT	0	good	30	0	3	0	0	0	10	0	1	0	4976	21	1721	0.9708904109589042	false	G170A,A231C,G338T,A429G,C480T,A576C,G581A,T620C,G627A,C636G,A686G,A742C,G847A,G920A,T959C,A968G,A992G,A994G,T1023C,T1040C,G1142A,T1199C,G1259A,A1323G,T1347C,C1442T,C1601T,G1616A,A1646G,C1673T		29:NNN		HA1:K54Q,HA1:T120A,HA1:P137S,HA1:K169Q,HA1:A186T,HA1:Q189E,HA1:E224A,HA1:R259K,HA1:K308R,HA2:I91V		SigPep:3:X			G581A,G920A,G1259A	0	0	3	3		NODE_0000790-1.00	G338T,A429G,C480T,A576C,G581A,T620C,A686G,G920A,T959C,A992G,T1023C,T1040C,G1142A,G1259A,A1323G,T1347C,C1442T,A1646G,C1673T		HA1:T120A,HA1:P137S,HA1:K169Q,HA2:I91V		NODE_0000790-1.00	G338T,A429G,C480T,A576C,G581A,T620C,A686G,G920A,T959C,A992G,T1023C,T1040C,G1142A,G1259A,A1323G,T1347C,C1442T,A1646G,C1673T		HA1:T120A,HA1:P137S,HA1:K169Q,HA2:I91V		NODE_00005070.00	G581A,G920A,G1259A				NODE_00005070.00	G581A,G920A,G1259A										4	0	good	0	15	-2	0	good	3						0		0	0	good		0	0	good	0				
othA/French_Polynesia/HCL024201357901/2024	A/French Polynesia/HCL024201357901/2024	EPI_ISL_19656050	Original	CNR Virus des Infections Respiratoires, France SUD	16/12/2024	NA	NA	NA	40	6B.1A.5a.2a.1	D.5	D.5	5a.2a.1	HA1:10:NNS;HA1:23:NVT;HA1:87:NGT;HA1:162:NQT;HA1:276:NAT;HA1:287:NTS;HA2:154:NGT	0	good	38	0	25	0	9	0	16	0	0	0	5095	1	1752	0.9948630136986302	false	G36A,G170A,G205A,A231C,C255T,C344T,A350T,C452T,C480T,A496G,A497G,A542G,T620C,G627A,C636G,A717G,A742C,A749G,A827G,G847A,T851A,A900G,G950A,A968G,A994G,G1139T,G1145A,T1199C,A1323G,T1347C,C1364T,C1385T,A1422C,C1460A,G1517A,C1601T,G1616A,G1728A		0:NNNNNNNNNNNN,1752:NNNNNNNNNNNNN		HA1:R45K,HA1:K54Q,HA1:P137S,HA1:K142R,HA1:A186T,HA1:Q189E,HA1:T216A,HA1:E224A,HA1:R259K,HA1:D260E,HA1:T277A,HA1:K308R,HA2:E29D,HA2:I91V,HA2:N124H,SigPep:V6I					C1460A	0	0	1	1	1-2,1746-1752	NODE_00000130.00	G36A,G205A,C255T,C344T,A350T,C452T,A497G,A717G,A749G,C1385T,C1460A,G1517A,G1728A		HA1:R45K,HA1:T216A,SigPep:V6I		NODE_00000130.00	G36A,G205A,C255T,C344T,A350T,C452T,A497G,A717G,A749G,C1385T,C1460A,G1517A,G1728A		HA1:R45K,HA1:T216A,SigPep:V6I		NODE_0000221-1.00	G36A,A350T,A497G,C1460A,G1517A		SigPep:V6I		NODE_0000221-1.00	G36A,A350T,A497G,C1460A,G1517A		SigPep:V6I								4	0	good	0	15	-4	0	good	1						0		0	0	good		0	0	good	0				
cdcA/Michigan/59/2023	A/Michigan/59/2023	EPI_ISL_18527337	OR_IR	Centers for Disease Control and Prevention	9/10/2023	NA	NA	NA	41	6B.1A.5a.2a	C.1.9	C.1.9	5a.2a	HA1:10:NNS;HA1:23:NVT;HA1:87:NGT;HA1:162:NQT;HA1:276:NTT;HA1:287:NTS;HA2:154:NGT	0	good	23	0	0	0	0	0	9	0	0	0	5164	1	1752	1	false	G170A,A231C,G338T,G380A,A429G,A576C,T620C,G627A,C636G,A742C,G847A,A968G,A992G,A994G,T1023C,T1199C,A1323G,T1347C,C1442T,C1601T,G1616A,A1646G,C1739A				HA1:K54Q,HA1:T120A,HA1:K169Q,HA1:A186T,HA1:Q189E,HA1:E224A,HA1:R259K,HA1:K308R,HA2:I91V						0	0	0	0		NODE_0000790-1.00	G338T,G380A,A429G,A576C,T620C,A992G,T1023C,A1323G,T1347C,C1442T,A1646G,C1739A		HA1:T120A,HA1:K169Q,HA2:I91V		NODE_0000790-1.00	G338T,G380A,A429G,A576C,T620C,A992G,T1023C,A1323G,T1347C,C1442T,A1646G,C1739A		HA1:T120A,HA1:K169Q,HA2:I91V		NODE_00004750.00	G380A				NODE_00004750.00	G380A										4	0	good	0	15	-5	0	good	0						0		0	0	good		0	0	good	0				
cdcA/Connecticut/17/2023	A/Connecticut/17/2023	EPI_ISL_18607682	OR_IR	Centers for Disease Control and Prevention	11/11/2023	NA	NA	NA	42	6B.1A.5a.2a	C.1.8	C.1.8	5a.2a	HA1:10:NNS;HA1:23:NVT;HA1:87:NGT;HA1:162:NQT;HA1:276:NTT;HA1:287:NTS;HA2:154:NGT	0	good	25	0	0	0	0	0	11	0	0	0	5156	1	1752	1	false	T54C,G170A,A191G,G210A,A231C,A317G,G338T,T358C,A429G,T620C,G627A,C636G,A742C,G847A,A968G,A992G,A994G,T1023C,T1199C,A1323G,T1347C,C1442A,C1601T,G1616A,A1646G				HA1:V47I,HA1:K54Q,HA1:I96T,HA1:T120A,HA1:A186T,HA1:Q189E,HA1:E224A,HA1:R259K,HA1:K308R,HA2:I91V,SigPep:F12L					A317G	0	0	1	1		NODE_0000790-1.00	T54C,A191G,G210A,A317G,G338T,T358C,A429G,T620C,A992G,T1023C,A1323G,T1347C,C1442A,A1646G		HA1:V47I,HA1:I96T,HA1:T120A,HA2:I91V,SigPep:F12L		NODE_0000790-1.00	T54C,A191G,G210A,A317G,G338T,T358C,A429G,T620C,A992G,T1023C,A1323G,T1347C,C1442A,A1646G		HA1:V47I,HA1:I96T,HA1:T120A,HA2:I91V,SigPep:F12L		NODE_0000432-1.00	A317G,T358C		HA1:I96T		NODE_0000432-1.00	A317G,T358C		HA1:I96T								4	0	good	0	15	-4	0	good	1						0		0	0	good		0	0	good	0				
cdcA/Michigan/62/2023	A/Michigan/62/2023	EPI_ISL_19175842	Spf2E1	Centers for Disease Control and Prevention	16/10/2023	NA	NA	NA	43	6B.1A.5a.2a	C.1.8	C.1.8	5a.2a	HA1:10:NNS;HA1:23:NVT;HA1:87:NGT;HA1:162:NQT;HA1:276:NTT;HA1:287:NTS;HA2:154:NGT	0	good	27	0	0	0	0	0	12	0	0	0	5148	1	1752	1	false	G2A,T54C,G170A,A191G,G210A,A231C,G338T,T358C,A429G,T620C,G627A,C636G,A739G,A742C,T809C,G847A,A968G,A992G,A994G,T1023C,T1199C,A1323G,T1347C,C1442A,C1601T,G1616A,A1646G				HA1:V47I,HA1:K54Q,HA1:I96T,HA1:T120A,HA1:A186T,HA1:Q189E,HA1:Q223R,HA1:E224A,HA1:R259K,HA1:K308R,HA2:I91V,SigPep:F12L					G2A,A739G,T809C	0	0	3	3		NODE_0000790-1.00	G2A,T54C,A191G,G210A,G338T,T358C,A429G,T620C,A739G,T809C,A992G,T1023C,A1323G,T1347C,C1442A,A1646G		HA1:V47I,HA1:I96T,HA1:T120A,HA1:Q223R,HA2:I91V,SigPep:F12L		NODE_0000790-1.00	G2A,T54C,A191G,G210A,G338T,T358C,A429G,T620C,A739G,T809C,A992G,T1023C,A1323G,T1347C,C1442A,A1646G		HA1:V47I,HA1:I96T,HA1:T120A,HA1:Q223R,HA2:I91V,SigPep:F12L		NODE_0000432-1.00	G2A,T358C,A739G,T809C		HA1:I96T,HA1:Q223R		NODE_0000432-1.00	G2A,T358C,A739G,T809C		HA1:I96T,HA1:Q223R								4	0	good	0	15	-2	0	good	3						0		0	0	good		0	0	good	0				
crickA/Israel/R18527/2024	A/Israel/R18527/2024	EPI_ISL_19687198	cs	Crick Worldwide Influenza Centre	26/12/2024	NA	NA	NA	47	6B.1A.5a.2a	C.1.9.3	C.1.9.3	5a.2a	HA1:10:NNS;HA1:23:NVT;HA1:87:NGT;HA1:162:NQT;HA1:276:NTT;HA1:287:NTS;HA2:154:NGT	6.250000	good	34	0	0	0	0	1	13	0	0	0	4967	21	1721	0.9703196347031964	false	C64T,G170A,A231C,G311A,T318C,T320C,G338T,A429G,A567G,A576C,T620C,G627A,C636G,A742C,G847A,A968G,A992G,A994G,T1023C,A1058G,A1106C,T1199C,A1323G,G1346A,T1347C,C1385T,C1442T,T1600C,C1601T,T1610C,T1611C,G1616A,A1646G,T1688C				HA1:K54Q,HA1:S83P,HA1:T120A,HA1:I166V,HA1:K169Q,HA1:A186T,HA1:Q189E,HA1:E224A,HA1:R259K,HA1:K308R,HA2:I91V,HA2:I183T,SigPep:A15V						0	0	0	0		NODE_0000790-1.00	C64T,G311A,T318C,T320C,G338T,A429G,A567G,A576C,T620C,A992G,T1023C,A1058G,A1106C,A1323G,G1346A,T1347C,C1385T,C1442T,T1600C,T1610C,T1611C,A1646G,T1688C		HA1:S83P,HA1:T120A,HA1:I166V,HA1:K169Q,HA2:I91V,HA2:I183T,SigPep:A15V		NODE_0000790-1.00	C64T,G311A,T318C,T320C,G338T,A429G,A567G,A576C,T620C,A992G,T1023C,A1058G,A1106C,A1323G,G1346A,T1347C,C1385T,C1442T,T1600C,T1610C,T1611C,A1646G,T1688C		HA1:S83P,HA1:T120A,HA1:I166V,HA1:K169Q,HA2:I91V,HA2:I183T,SigPep:A15V		NODE_0000616-1.00	C64T,T320C,A567G,A1106C,G1346A		HA1:I166V,SigPep:A15V		NODE_0000616-1.00	C64T,T320C,A567G,A1106C,G1346A		HA1:I166V,SigPep:A15V			Y:575					4	25	good	1	15	-5	0	good	0						0		0	0	good		0	0	good	0				
cnicA/Henan-Shancheng/SWL1468/2024	A/Henan-Shancheng/SWL1468/2024	EPI_ISL_19674947	C1+C1	WHO Chinese National Influenza Center	17/12/2024	NA	NA	NA	48	6B.1A.5a.2a	C.1.9.3	C.1.9.3	5a.2a	HA1:10:NNS;HA1:23:NVT;HA1:87:NGT;HA1:162:NQT;HA1:276:NTT;HA1:287:NTS;HA2:154:NGT	0	good	36	0	25	0	0	0	14	0	0	0	5112	1	1752	1	false	C64T,G170A,A231C,G311A,T318C,G338T,T404C,A429G,C480T,A567G,A576C,T620C,G627A,C636G,A742C,G847A,T878C,A968G,A992G,A994G,T1023C,A1058G,T1199C,A1323G,T1347C,C1385T,C1442T,C1460A,T1600C,C1601T,T1610C,T1611C,G1616A,A1646G,T1688C,C1739A		0:AGCAAAAGCAGG,1752:CCTTGTTTCTACT		HA1:K54Q,HA1:S83P,HA1:T120A,HA1:P137S,HA1:I166V,HA1:K169Q,HA1:A186T,HA1:Q189E,HA1:E224A,HA1:R259K,HA1:K308R,HA2:I91V,HA2:I183T,SigPep:A15V					T404C,T878C,C1460A	0	0	3	3		NODE_0000790-1.00	C64T,G311A,T318C,G338T,T404C,A429G,C480T,A567G,A576C,T620C,T878C,A992G,T1023C,A1058G,A1323G,T1347C,C1385T,C1442T,C1460A,T1600C,T1610C,T1611C,A1646G,T1688C,C1739A		HA1:S83P,HA1:T120A,HA1:P137S,HA1:I166V,HA1:K169Q,HA2:I91V,HA2:I183T,SigPep:A15V		NODE_0000790-1.00	C64T,G311A,T318C,G338T,T404C,A429G,C480T,A567G,A576C,T620C,T878C,A992G,T1023C,A1058G,A1323G,T1347C,C1385T,C1442T,C1460A,T1600C,T1610C,T1611C,A1646G,T1688C,C1739A		HA1:S83P,HA1:T120A,HA1:P137S,HA1:I166V,HA1:K169Q,HA2:I91V,HA2:I183T,SigPep:A15V		NODE_0000616-1.00	C64T,T404C,C480T,A567G,T878C,C1460A		HA1:P137S,HA1:I166V,SigPep:A15V		NODE_0000616-1.00	C64T,T404C,C480T,A567G,T878C,C1460A		HA1:P137S,HA1:I166V,SigPep:A15V								4	0	good	0	15	-2	0	good	3						0		0	0	good		0	0	good	0				
A/Brisbane/110/2024_apr	A/Brisbane/110/2024	EPI_ISL_19194657	SIAT1	Queensland Children's Hospital	28/4/2024	apr	NA	Australia	3	6B.1A.5a.2a	C.1.9.4	C.1.9.4	5a.2a	HA1:10:NNS;HA1:23:NVT;HA1:87:NGT;HA1:162:NQT;HA1:276:NTT;HA1:287:NTS;HA2:154:NGT	0	good	31	0	0	0	0	0	12	0	0	0	4979	21	1721	0.9708904109589042	false	G170A,A183G,G327A,G338T,C422T,A429G,A444G,A516G,A576C,T620C,G627A,C636G,T659C,A686G,A742C,G847A,T953C,A968G,A992G,A994G,T1023C,G1028A,A1052G,T1199C,A1323G,T1347C,C1442T,C1601T,G1616A,A1646G,C1673T				HA1:N38D,HA1:D86N,HA1:T120A,HA1:N125D,HA1:I149V,HA1:K169Q,HA1:A186T,HA1:Q189E,HA1:E224A,HA1:R259K,HA1:K308R,HA2:I91V					C422T,T659C,G1028A,A1052G	0	0	4	4		NODE_0000790-1.00	A183G,C231A,G327A,G338T,C422T,A429G,A444G,A516G,A576C,T620C,T659C,A686G,T953C,A992G,T1023C,G1028A,A1052G,A1323G,T1347C,C1442T,A1646G,C1673T		HA1:N38D,HA1:Q54K,HA1:D86N,HA1:T120A,HA1:N125D,HA1:I149V,HA1:K169Q,HA2:I91V		NODE_0000790-1.00	A183G,C231A,G327A,G338T,C422T,A429G,A444G,A516G,A576C,T620C,T659C,A686G,T953C,A992G,T1023C,G1028A,A1052G,A1323G,T1347C,C1442T,A1646G,C1673T		HA1:N38D,HA1:Q54K,HA1:D86N,HA1:T120A,HA1:N125D,HA1:I149V,HA1:K169Q,HA2:I91V		NODE_00005050.00	C422T,T659C,G1028A,A1052G				NODE_00005050.00	C422T,T659C,G1028A,A1052G										4	0	good	0	15	-1	0	good	4						0		0	0	good		0	0	good	0				
A/Brisbane/500/2023_sep	A/Brisbane/500/2023	EPI_ISL_18740014	SIAT1	Queensland Children's Hospital	30/9/2023	sep	NA	Australia	8	6B.1A.5a.2a	C.1.7	C.1.7	5a.2a	HA1:10:NNS;HA1:23:NVT;HA1:87:NGT;HA1:162:NQT;HA1:276:NTT;HA1:287:NTS;HA2:154:NGT	0	good	33	0	0	0	0	0	12	0	0	0	4971	21	1721	0.9708904109589042	false	A42G,G170A,G179A,A231C,C239T,G351A,T614C,G627A,C636G,A713T,A717G,A742C,G847A,T866C,T905G,A968G,A992G,A994G,A1004G,T1049C,T1190C,T1199C,T1217C,T1220C,C1484T,G1499T,C1526A,G1583A,C1601T,G1616A,G1649A,A1668G,A1721G				HA1:K54Q,HA1:D94N,HA1:A186T,HA1:Q189E,HA1:T216A,HA1:E224A,HA1:R259K,HA1:K308R,HA2:M149I,HA2:D158E,HA2:I206V,SigPep:M8V					A42G,A1004G,G1499T,C1526A,A1721G	0	0	5	5		NODE_0000790-1.00	A42G,G179A,C239T,G351A,T614C,A713T,A717G,T866C,T905G,A992G,A1004G,T1049C,T1190C,T1217C,T1220C,C1484T,G1499T,C1526A,G1583A,G1649A,A1668G,A1721G		HA1:D94N,HA1:T216A,HA2:M149I,HA2:D158E,HA2:I206V,SigPep:M8V		NODE_0000790-1.00	A42G,G179A,C239T,G351A,T614C,A713T,A717G,T866C,T905G,A992G,A1004G,T1049C,T1190C,T1217C,T1220C,C1484T,G1499T,C1526A,G1583A,G1649A,A1668G,A1721G		HA1:D94N,HA1:T216A,HA2:M149I,HA2:D158E,HA2:I206V,SigPep:M8V		NODE_0000863-1.00	A42G,T866C,A1004G,T1190C,C1484T,G1499T,C1526A,G1649A,A1721G		HA2:M149I,HA2:D158E,SigPep:M8V		NODE_0000863-1.00	A42G,T866C,A1004G,T1190C,C1484T,G1499T,C1526A,G1649A,A1721G		HA2:M149I,HA2:D158E,SigPep:M8V								4	0	good	0	15	0	0	good	5						0		0	0	good		0	0	good	0				
A/Brisbane/503/2023_sep	A/Brisbane/503/2023	EPI_ISL_18740013	SIAT1	Queensland Children's Hospital	14/9/2023	sep	NA	Australia	7	6B.1A.5a.2a	C.1.9	C.1.9	5a.2a	HA1:10:NNS;HA1:23:NVT;HA1:87:NGT;HA1:162:NQT;HA1:276:NTT;HA1:287:NTS;HA2:154:NGT	0	good	23	0	0	0	0	0	9	0	0	0	5011	21	1721	0.9708904109589042	false	G170A,A231C,G338T,A429G,A576C,T620C,G627A,C636G,A742C,G847A,A968G,A992G,A994G,T1023C,C1118T,T1199C,A1323G,T1347C,C1442T,C1601T,G1616A,A1646G,C1673T				HA1:K54Q,HA1:T120A,HA1:K169Q,HA1:A186T,HA1:Q189E,HA1:E224A,HA1:R259K,HA1:K308R,HA2:I91V					C1118T	0	0	1	1		NODE_0000790-1.00	G338T,A429G,A576C,T620C,A992G,T1023C,C1118T,A1323G,T1347C,C1442T,A1646G,C1673T		HA1:T120A,HA1:K169Q,HA2:I91V		NODE_0000790-1.00	G338T,A429G,A576C,T620C,A992G,T1023C,C1118T,A1323G,T1347C,C1442T,A1646G,C1673T		HA1:T120A,HA1:K169Q,HA2:I91V		NODE_00004750.00	C1118T,C1673T				NODE_00004750.00	C1118T,C1673T										4	0	good	0	15	-4	0	good	1						0		0	0	good		0	0	good	0				
A/Brisbane/279/2024_jul	A/Brisbane/279/2024	EPI_ISL_19471946	SIAT1	Queensland Children's Hospital	26/7/2024	jul	NA	Australia	1	6B.1A.5a.2a	C.1.9	C.1.9	5a.2a	HA1:10:NNS;HA1:23:NVT;HA1:87:NGT;HA1:162:NQT;HA1:276:NAT;HA1:287:NTS;HA2:154:NGT	0	good	30	0	0	0	0	0	12	0	0	0	4983	21	1721	0.9708904109589042	false	G170A,G213T,A231C,G311A,G338T,A429G,A576C,T620C,G627A,C636G,A742C,G847A,A900G,A968G,A992G,A994G,T1023C,A1058G,T1199C,A1323G,T1347C,C1385T,C1442T,T1600C,C1601T,T1610C,T1611C,G1616A,A1646G,T1688C				HA1:A48S,HA1:K54Q,HA1:T120A,HA1:K169Q,HA1:A186T,HA1:Q189E,HA1:E224A,HA1:R259K,HA1:T277A,HA1:K308R,HA2:I91V,HA2:I183T					G213T,A900G	0	0	2	2		NODE_0000790-1.00	G213T,G311A,G338T,A429G,A576C,T620C,A900G,A992G,T1023C,A1058G,A1323G,T1347C,C1385T,C1442T,T1600C,T1610C,T1611C,A1646G,T1688C		HA1:A48S,HA1:T120A,HA1:K169Q,HA1:T277A,HA2:I91V,HA2:I183T		NODE_0000790-1.00	G213T,G311A,G338T,A429G,A576C,T620C,A900G,A992G,T1023C,A1058G,A1323G,T1347C,C1385T,C1442T,T1600C,T1610C,T1611C,A1646G,T1688C		HA1:A48S,HA1:T120A,HA1:K169Q,HA1:T277A,HA2:I91V,HA2:I183T		NODE_00004750.00	G213T,G311A,A900G,A1058G,C1385T,T1600C,T1610C,T1611C,T1688C		HA1:A48S,HA1:T277A,HA2:I183T		NODE_00004750.00	G213T,G311A,A900G,A1058G,C1385T,T1600C,T1610C,T1611C,T1688C		HA1:A48S,HA1:T277A,HA2:I183T								4	0	good	0	15	-3	0	good	2						0		0	0	good		0	0	good	0				
A/Brisbane/114/2024_jun	A/Brisbane/114/2024	EPI_ISL_19322598	SIAT1	Queensland Children's Hospital	11/6/2024	jun	NA	Australia	0	6B.1A.5a.2a	C.1.9.1	C.1.9.1	5a.2a	HA1:10:NNS;HA1:23:NVT;HA1:87:NGT;HA1:162:NQT;HA1:276:NTT;HA1:287:NTS;HA2:154:NGT	0	good	29	0	0	0	0	0	11	0	0	0	4987	21	1721	0.9708904109589042	false	G170A,A231C,G338T,A429G,C480T,A576C,T620C,G627A,C636G,A686G,A742C,A821G,G847A,T959C,A968G,A992G,A994G,T1023C,T1040C,G1142A,T1199C,A1323G,T1347C,C1442T,C1601T,G1616A,A1646G,C1647A,C1673T				HA1:K54Q,HA1:T120A,HA1:P137S,HA1:K169Q,HA1:A186T,HA1:Q189E,HA1:E224A,HA1:R259K,HA1:K308R,HA2:I91V,HA2:L199M					A821G,C1647A	0	0	2	2		NODE_0000790-1.00	G338T,A429G,C480T,A576C,T620C,A686G,A821G,T959C,A992G,T1023C,T1040C,G1142A,A1323G,T1347C,C1442T,A1646G,C1647A,C1673T		HA1:T120A,HA1:P137S,HA1:K169Q,HA2:I91V,HA2:L199M		NODE_0000790-1.00	G338T,A429G,C480T,A576C,T620C,A686G,A821G,T959C,A992G,T1023C,T1040C,G1142A,A1323G,T1347C,C1442T,A1646G,C1647A,C1673T		HA1:T120A,HA1:P137S,HA1:K169Q,HA2:I91V,HA2:L199M		NODE_00005070.00	A821G,C1647A		HA2:L199M		NODE_00005070.00	A821G,C1647A		HA2:L199M								4	0	good	0	15	-3	0	good	2						0		0	0	good		0	0	good	0				
A/Brisbane/119/2024_may	A/Brisbane/119/2024	EPI_ISL_19322597	SIAT1	Queensland Children's Hospital	27/5/2024	may	NA	Australia	2	6B.1A.5a.2a	C.1.9	C.1.9	5a.2a	HA1:10:NNS;HA1:23:NVT;HA1:87:NGT;HA1:162:NQT;HA1:276:NTT;HA1:287:NTS;HA2:154:NGT	0	good	27	0	0	0	0	0	11	0	0	0	4995	21	1721	0.9708904109589042	false	G170A,A231C,G311A,G338T,A429G,A567G,A576C,T620C,G627A,C636G,A742C,A840G,G847A,A968G,G974A,A992G,A994G,T1023C,T1040C,T1199C,A1323G,T1347C,C1385T,C1442T,C1601T,G1616A,A1646G				HA1:K54Q,HA1:T120A,HA1:I166V,HA1:K169Q,HA1:A186T,HA1:Q189E,HA1:E224A,HA1:M257V,HA1:R259K,HA1:K308R,HA2:I91V			A585G			1	0	0	1		NODE_0000790-1.00	G311A,G338T,A429G,A567G,A576C,T620C,A840G,G974A,A992G,T1023C,T1040C,A1323G,T1347C,C1385T,C1442T,A1646G		HA1:T120A,HA1:I166V,HA1:K169Q,HA1:M257V,HA2:I91V		NODE_0000790-1.00	G311A,G338T,A429G,A567G,A576C,T620C,A840G,G974A,A992G,T1023C,T1040C,A1323G,T1347C,C1385T,C1442T,A1646G		HA1:T120A,HA1:I166V,HA1:K169Q,HA1:M257V,HA2:I91V		NODE_00004750.00	G311A,A567G,A840G,G974A,T1040C,C1385T		HA1:I166V,HA1:M257V		NODE_00004750.00	G311A,A567G,A840G,G974A,T1040C,C1385T		HA1:I166V,HA1:M257V								4	0	good	0	15	-4	0	good	1						0		0	0	good		0	0	good	0				
A/Brisbane/123/2024_may	A/Brisbane/123/2024	EPI_ISL_19302047	SIAT1	Queensland Children's Hospital	17/5/2024	may	NA	Australia	12	6B.1A.5a.2a	C.1.9	C.1.9	5a.2a	HA1:10:NNS;HA1:23:NVT;HA1:87:NGT;HA1:162:NQT;HA1:276:NTT;HA1:287:NTS;HA2:154:NGT	0	good	30	0	0	0	0	0	11	0	0	0	4983	21	1721	0.9708904109589042	false	G170A,A231C,G311A,G338T,A429G,A576C,T620C,G627A,C636G,T647C,A742C,G847A,A968G,A992G,A994G,T1023C,A1058G,T1199C,A1323G,T1347C,C1385T,C1442T,G1597A,T1600C,C1601T,T1610C,T1611C,G1616A,A1646G,T1688C				HA1:K54Q,HA1:T120A,HA1:K169Q,HA1:A186T,HA1:Q189E,HA1:E224A,HA1:R259K,HA1:K308R,HA2:I91V,HA2:R182K,HA2:I183T					T647C,G1597A	0	0	2	2		NODE_0000790-1.00	G311A,G338T,A429G,A576C,T620C,T647C,A992G,T1023C,A1058G,A1323G,T1347C,C1385T,C1442T,G1597A,T1600C,T1610C,T1611C,A1646G,T1688C		HA1:T120A,HA1:K169Q,HA2:I91V,HA2:R182K,HA2:I183T		NODE_0000790-1.00	G311A,G338T,A429G,A576C,T620C,T647C,A992G,T1023C,A1058G,A1323G,T1347C,C1385T,C1442T,G1597A,T1600C,T1610C,T1611C,A1646G,T1688C		HA1:T120A,HA1:K169Q,HA2:I91V,HA2:R182K,HA2:I183T		NODE_00004750.00	G311A,T647C,A1058G,C1385T,G1597A,T1600C,T1610C,T1611C,T1688C		HA2:R182K,HA2:I183T		NODE_00004750.00	G311A,T647C,A1058G,C1385T,G1597A,T1600C,T1610C,T1611C,T1688C		HA2:R182K,HA2:I183T								4	0	good	0	15	-3	0	good	2						0		0	0	good		0	0	good	0				
A/Brisbane/120/2024_may	A/Brisbane/120/2024	EPI_ISL_19302043	SIAT1	Queensland Children's Hospital	3/5/2024	may	NA	Australia	13	6B.1A.5a.2a	C.1.9	C.1.9	5a.2a	HA1:10:NNS;HA1:23:NVT;HA1:87:NGT;HA1:162:NQT;HA1:276:NTT;HA1:287:NTS;HA2:154:NGT	0	good	25	0	0	0	0	0	9	0	0	0	5003	21	1721	0.9708904109589042	false	G170A,A231C,G311A,G338T,A429G,T575C,A576C,T620C,G627A,C636G,A742C,G824A,G847A,A968G,A992G,A994G,T1023C,T1199C,A1323G,T1347C,C1385T,C1442T,C1601T,G1616A,A1646G				HA1:K54Q,HA1:T120A,HA1:K169Q,HA1:A186T,HA1:Q189E,HA1:E224A,HA1:R259K,HA1:K308R,HA2:I91V					G824A	0	0	1	1		NODE_0000790-1.00	G311A,G338T,A429G,T575C,A576C,T620C,G824A,A992G,T1023C,A1323G,T1347C,C1385T,C1442T,A1646G		HA1:T120A,HA1:K169Q,HA2:I91V		NODE_0000790-1.00	G311A,G338T,A429G,T575C,A576C,T620C,G824A,A992G,T1023C,A1323G,T1347C,C1385T,C1442T,A1646G		HA1:T120A,HA1:K169Q,HA2:I91V		NODE_00004750.00	G311A,T575C,G824A,C1385T				NODE_00004750.00	G311A,T575C,G824A,C1385T										4	0	good	0	15	-4	0	good	1						0		0	0	good		0	0	good	0				
A/Brisbane/107/2024_apr	A/Brisbane/107/2024	EPI_ISL_19234730	SIAT1	Queensland Children's Hospital	27/4/2024	apr	NA	Australia	5	6B.1A.5a.2a	C.1.9.2	C.1.9.2	5a.2a	HA1:10:NNS;HA1:23:NVT;HA1:87:NGT;HA1:162:NQT;HA1:276:NTT;HA1:287:NTS;HA2:154:NGT	0	good	29	0	0	0	0	0	11	0	0	0	4987	21	1721	0.9708904109589042	false	G170A,A183G,A231C,C329T,G338T,A429G,A576C,T620C,G627A,C636G,A742C,C836T,G847A,A968G,A992G,A994G,T1023C,C1160T,T1199C,A1323G,T1347C,C1442T,C1457T,A1510G,A1532C,C1601T,G1616A,A1646G,C1673T				HA1:N38D,HA1:K54Q,HA1:T120A,HA1:K169Q,HA1:A186T,HA1:Q189E,HA1:E224A,HA1:R259K,HA1:K308R,HA2:I91V,HA2:K153R					C836T,C1160T,C1457T,A1532C	0	0	4	4		NODE_0000790-1.00	A183G,C329T,G338T,A429G,A576C,T620C,C836T,A992G,T1023C,C1160T,A1323G,T1347C,C1442T,C1457T,A1510G,A1532C,A1646G,C1673T		HA1:N38D,HA1:T120A,HA1:K169Q,HA2:I91V,HA2:K153R		NODE_0000790-1.00	A183G,C329T,G338T,A429G,A576C,T620C,C836T,A992G,T1023C,C1160T,A1323G,T1347C,C1442T,C1457T,A1510G,A1532C,A1646G,C1673T		HA1:N38D,HA1:T120A,HA1:K169Q,HA2:I91V,HA2:K153R		NODE_0000537-1.00	C836T,C1160T,C1457T,A1532C				NODE_0000537-1.00	C836T,C1160T,C1457T,A1532C										4	0	good	0	15	-1	0	good	4						0		0	0	good		0	0	good	0				
A/Brisbane/317/2023_may	A/Brisbane/317/2023	EPI_ISL_19050280	MDCK2	Queensland Children's Hospital	25/5/2023	may	NA	Australia	4	6B.1A.5a.2a	C.1	C.1	5a.2a	HA1:10:NNS;HA1:23:NVT;HA1:87:NGT;HA1:162:NQT;HA1:276:NTT;HA1:287:NTS;HA2:154:NGT	0	good	26	0	0	0	0	0	12	0	0	0	4999	21	1721	0.9708904109589042	false	G170A,T230A,A231C,C284A,T390C,A496G,T620C,G627A,C636G,A742C,G847A,T851A,T878C,C880T,G950A,A968G,A994G,T1124C,T1199C,A1323G,A1343G,T1347C,A1422C,C1463T,C1601T,G1616A				HA1:K54Q,HA1:S107P,HA1:K142R,HA1:A186T,HA1:Q189E,HA1:E224A,HA1:R259K,HA1:D260E,HA1:T270I,HA1:K308R,HA2:I91V,HA2:N124H					C284A,T390C,T1124C	0	0	3	3		NODE_0000790-1.00	T230A,C284A,T390C,A496G,T620C,T851A,T878C,C880T,G950A,T1124C,A1323G,A1343G,T1347C,A1422C,C1463T		HA1:S107P,HA1:K142R,HA1:D260E,HA1:T270I,HA2:I91V,HA2:N124H		NODE_0000790-1.00	T230A,C284A,T390C,A496G,T620C,T851A,T878C,C880T,G950A,T1124C,A1323G,A1343G,T1347C,A1422C,C1463T		HA1:S107P,HA1:K142R,HA1:D260E,HA1:T270I,HA2:I91V,HA2:N124H		NODE_0000790-1.00	T230A,C284A,T390C,A496G,T620C,T851A,T878C,C880T,G950A,T1124C,A1323G,A1343G,T1347C,A1422C,C1463T		HA1:S107P,HA1:K142R,HA1:D260E,HA1:T270I,HA2:I91V,HA2:N124H		NODE_0000790-1.00	T230A,C284A,T390C,A496G,T620C,T851A,T878C,C880T,G950A,T1124C,A1323G,A1343G,T1347C,A1422C,C1463T		HA1:S107P,HA1:K142R,HA1:D260E,HA1:T270I,HA2:I91V,HA2:N124H								4	0	good	0	15	-2	0	good	3						0		0	0	good		0	0	good	0				
